{"unix timestamp":1701693608220,"isotope":"Na-22","scaling factor":26.8578377815,"horizontal offset":33.8194741847}